종목코드,탭코드,종목명,현재가,등락구분,전일비,등락률,순자산가치(NAV),3개월수익률,거래량,거래대금(백만),시가총액(억),유형,브랜드,인버스,레버리지,환헤지H
069500,1,KODEX 200,39425,5,-175,-0.44,39456.0,-2.0239,1850963,73236,53815,국내 시장지수,KODEX,False,False,False
371460,4,TIGER 차이나전기차SOLACTIVE,20100,5,-225,-1.11,,15.8779,3216944,65122,30287,해외 주식,TIGER,False,False,False
102110,1,TIGER 200,39445,5,-185,-0.47,39488.0,-1.9861,251033,9952,22188,국내 시장지수,TIGER,False,False,False
252670,3,KODEX 200선물인버스2X,2225,2,25,1.14,2222.0,2.3255,128211523,282593,20759,국내 파생,KODEX,True,False,False
153130,6,KODEX 단기채권,102990,5,-5,0.0,102986.0,0.1263,34183,3520,19435,채권,KODEX,False,False,False
122630,3,KODEX 레버리지,23525,5,-235,-0.99,23589.0,-4.7696,12726430,301683,18867,국내 파생,KODEX,False,True,False
133690,4,TIGER 미국나스닥100,86770,5,-260,-0.3,,9.3712,238589,20700,16556,해외 주식,TIGER,False,False,False
278540,1,KODEX MSCI Korea TR,12680,5,-75,-0.59,12694.0,-1.8847,297245,3804,16028,국내 시장지수,KODEX,False,False,False
102780,2,KODEX 삼성그룹,9825,5,-70,-0.71,9835.0,-4.8101,150767,1489,15848,국내 업종/테마,KODEX,False,False,False
157450,6,TIGER 단기통안채,100420,5,-10,-0.01,100422.0,0.1595,14406,1446,15519,채권,TIGER,False,False,False
273130,6,KODEX 종합채권(AA-이상)액티브,107175,5,-55,-0.05,107232.0,-2.4828,3735,400,15068,채권,KODEX,False,False,False
310970,1,TIGER MSCI Korea TR,15925,5,-35,-0.22,15943.0,-2.445,88,1,13918,국내 시장지수,TIGER,False,False,False
292150,2,TIGER TOP10,13615,5,-115,-0.84,13638.0,-2.8653,233807,3205,13663,국내 업종/테마,TIGER,False,False,False
278530,1,KODEX 200TR,12930,5,-75,-0.58,12956.0,-2.0339,30287,393,12723,국내 시장지수,KODEX,False,False,False
214980,6,KODEX 단기채권PLUS,103280,5,-10,-0.01,103285.0,0.1066,6824,704,12588,채권,KODEX,False,False,False
114800,3,KODEX 인버스,4050,2,20,0.5,4056.0,1.3836,22624040,91254,11502,국내 파생,KODEX,True,False,False
148020,1,KBSTAR 200,39530,5,-185,-0.47,39578.0,-2.0085,38779,1535,10970,국내 시장지수,KBSTAR,False,False,False
305540,2,TIGER 2차전지테마,24415,2,350,1.45,24422.0,18.576,2540285,61427,10755,국내 업종/테마,TIGER,False,False,False
305720,2,KODEX 2차전지산업,24005,2,190,0.8,24007.0,11.7026,1738062,41458,10466,국내 업종/테마,KODEX,False,False,False
360750,4,TIGER 미국S&P500,14010,2,20,0.14,,6.6636,426953,5987,10339,해외 주식,TIGER,False,False,False
381170,4,TIGER 미국테크TOP10 INDXX,13135,5,-85,-0.64,,11.8443,1279690,16824,9917,해외 주식,TIGER,False,False,False
139260,2,TIGER 200 IT,36840,5,-160,-0.43,36838.0,2.3371,165626,6116,9350,국내 업종/테마,TIGER,False,False,False
394670,4,TIGER 글로벌리튬&2차전지SOLACTIVE(합성),12630,5,-230,-1.79,,16.8559,819533,10401,7533,해외 주식,TIGER,False,False,False
381180,4,TIGER 미국필라델피아반도체나스닥,12275,5,-115,-0.93,,19.7101,1883821,23153,7377,해외 주식,TIGER,False,False,False
152100,1,ARIRANG 200,40075,5,-215,-0.53,40150.0,-2.185,33285,1333,7073,국내 시장지수,ARIRANG,False,False,False
091180,2,KODEX 자동차,20870,5,-260,-1.23,20905.0,-1.949,368520,7715,6939,국내 업종/테마,KODEX,False,False,False
105190,1,KINDEX 200,39660,5,-220,-0.55,39719.0,-1.9425,127597,5065,6861,국내 시장지수,KINDEX,False,False,False
233740,1,KODEX 코스닥150 레버리지,16025,2,125,0.79,16209.0,6.2834,6802009,107998,6811,국내 시장지수,KODEX,False,True,False
315930,2,KODEX Top5PlusTR,18685,5,-150,-0.8,18702.0,2.8392,910,17,6689,국내 업종/테마,KODEX,False,False,False
069660,1,KOSEF 200,39400,5,-225,-0.57,39456.0,-2.0081,171,6,6225,국내 시장지수,KOSEF,False,False,False
293180,1,HANARO 200,39440,5,-225,-0.57,39500.0,-1.9843,10221,403,6212,국내 시장지수,HANARO,False,False,False
364980,2,TIGER KRX2차전지K-뉴딜,17620,2,20,0.11,17654.0,2.2958,488376,8594,5550,국내 업종/테마,TIGER,False,False,False
251340,3,KODEX 코스닥150선물인버스,4145,5,-20,-0.48,4150.0,-5.2333,20560443,85684,5505,국내 파생,KODEX,True,False,False
360200,4,KINDEX 미국S&P500,14110,2,25,0.18,,6.4545,123771,1748,5192,해외 주식,KINDEX,False,False,False
294400,1,KOSEF 200TR,47030,5,-255,-0.54,47083.0,-1.9899,1619,76,4985,국내 시장지수,KOSEF,False,False,False
314250,4,KODEX 미국FANG플러스(H),30625,5,-255,-0.83,,12.1278,102574,3142,4885,해외 주식,KODEX,False,False,True
226490,1,KODEX 코스피,30105,5,-55,-0.18,30110.0,-3.0537,3993,120,3793,국내 시장지수,KODEX,False,False,False
196230,6,KBSTAR 단기통안채,104690,3,0,0.0,104688.0,0.1434,2784433,291491,3767,채권,KBSTAR,False,False,False
385540,6,KBSTAR KIS종합채권(A-이상)액티브,98850,5,-105,-0.11,98827.0,-2.3535,5,0,3741,채권,KBSTAR,False,False,False
364960,2,TIGER KRX BBIG K-뉴딜,12080,3,0,0.0,12096.0,-10.4854,487921,5894,3733,국내 업종/테마,TIGER,False,False,False
251350,4,KODEX 선진국MSCI World,21350,5,-25,-0.12,,4.6767,85527,1823,3565,해외 주식,KODEX,False,False,False
091170,2,KODEX 은행,7585,2,50,0.66,7614.0,5.5322,1456600,11086,3531,국내 업종/테마,KODEX,False,False,False
332500,1,KINDEX 200TR,24115,5,-125,-0.52,24153.0,-2.0607,8500,204,3497,국내 시장지수,KINDEX,False,False,False
400970,2,TIGER Fn메타버스,13120,5,-100,-0.76,13142.0,,2982045,38986,3490,국내 업종/테마,TIGER,False,False,False
401470,2,KODEX K-메타버스액티브,13435,2,25,0.19,13467.0,,6225809,82715,3439,국내 업종/테마,KODEX,False,False,False
229200,1,KODEX 코스닥 150,14910,2,65,0.44,15094.0,2.983,2778479,41243,3429,국내 시장지수,KODEX,False,False,False
290130,2,KBSTAR ESG사회책임투자,12920,5,-75,-0.58,12957.0,0.1155,6167,79,3346,국내 업종/테마,KBSTAR,False,False,False
367380,4,KINDEX 미국나스닥100,14890,5,-45,-0.3,,9.3658,163988,2443,3320,해외 주식,KINDEX,False,False,False
367770,2,KBSTAR Fn수소경제테마,11440,5,-60,-0.52,11450.0,-0.5191,75040,860,3318,국내 업종/테마,KBSTAR,False,False,False
371160,4,TIGER 차이나항셍테크,8350,5,-15,-0.18,,5.6854,396846,3310,3307,해외 주식,TIGER,False,False,False
332940,1,HANARO MSCI Korea TR,15870,5,-145,-0.91,15923.0,-1.4765,84,1,3095,국내 시장지수,HANARO,False,False,False
143850,4,TIGER 미국S&P500선물(H),54820,2,140,0.26,,5.0024,12151,666,2604,해외 주식,TIGER,False,False,True
357870,7,TIGER CD금리투자KIS(합성),50495,5,-20,-0.04,50499.0,0.2082,133837,6759,2577,기타,TIGER,False,False,False
275980,4,TIGER 글로벌4차산업혁신기술(합성 H),19370,5,-155,-0.79,,2.3591,25902,501,2557,해외 주식,TIGER,False,False,True
385550,6,KBSTAR KIS단기종합채권(AA-이상)액티브,100155,3,0,0.0,100145.0,0.1199,5,0,2554,채권,KBSTAR,False,False,False
272560,6,KBSTAR 단기국공채액티브,102230,3,0,0.0,102226.0,0.0783,149922,15323,2535,채권,KBSTAR,False,False,False
148070,6,KOSEF 국고채10년,117875,5,-15,-0.01,117899.0,-3.7162,5022,591,2452,채권,KOSEF,False,False,False
091160,2,KODEX 반도체,36850,5,-605,-1.62,36866.0,7.7066,249149,9205,2451,국내 업종/테마,KODEX,False,False,False
295040,1,SOL 200TR,13470,5,-75,-0.55,13483.0,-1.9899,159479,2147,2445,국내 시장지수,SOL,False,False,False
108450,2,KINDEX 삼성그룹섹터가중,16320,5,-170,-1.03,16368.0,-4.3226,174,2,2415,국내 업종/테마,KINDEX,False,False,False
192090,4,TIGER 차이나CSI300,12120,2,60,0.5,,4.5967,141625,1710,2351,해외 주식,TIGER,False,False,False
245710,4,KINDEX 베트남VN30(합성),23520,2,385,1.66,,7.4796,95082,2224,2305,해외 주식,KINDEX,False,False,False
132030,5,KODEX 골드선물(H),12135,5,-75,-0.61,,0.909,116171,1407,2245,원자재,KODEX,False,False,True
168580,4,KINDEX 중국본토CSI300,32085,5,-220,-0.68,,4.9545,887,28,2214,해외 주식,KINDEX,False,False,False
161510,2,ARIRANG 고배당주,12490,2,40,0.32,12505.0,2.935,36630,458,2125,국내 업종/테마,ARIRANG,False,False,False
326240,2,KBSTAR IT플러스,22530,5,-100,-0.44,22539.0,3.1684,49714,1117,2100,국내 업종/테마,KBSTAR,False,False,False
379810,4,KODEX 미국나스닥100TR,12750,5,-35,-0.27,,9.2735,445464,5679,2066,해외 주식,KODEX,False,False,False
394660,4,TIGER 글로벌자율주행&전기차SOLACTIVE,12095,5,-100,-0.82,,17.1469,257500,3119,2037,해외 주식,TIGER,False,False,False
332930,1,HANARO 200TR,47035,5,-300,-0.63,47115.0,-1.9777,85,4,2023,국내 시장지수,HANARO,False,False,False
329750,6,TIGER 미국달러단기채권액티브,10175,3,0,0.0,,1.1934,38032,387,1940,채권,TIGER,False,False,False
379800,4,KODEX 미국S&P500TR,12265,2,10,0.08,,6.6579,187015,2297,1938,해외 주식,KODEX,False,False,False
272580,6,TIGER 단기채권액티브,50210,5,-5,-0.01,50208.0,0.1395,2330,116,1884,채권,TIGER,False,False,False
390950,6,HANARO 단기채권액티브,100265,3,0,0.0,100257.0,0.1498,0,0,1859,채권,HANARO,False,False,False
190620,6,KINDEX 단기통안채,100580,5,-5,0.0,100577.0,0.1742,530,53,1840,채권,KINDEX,False,False,False
325020,2,KODEX 배당가치,13050,2,5,0.04,13058.0,1.755,81258,1065,1814,국내 업종/테마,KODEX,False,False,False
261220,5,KODEX WTI원유선물(H),12280,2,460,3.89,,22.4236,359946,4395,1808,원자재,KODEX,False,False,True
182480,7,TIGER 미국MSCI리츠(합성 H),15940,2,140,0.89,,5.5867,16234,258,1769,기타,TIGER,False,False,True
302450,1,KBSTAR 코스피,30105,5,-110,-0.36,30096.0,-2.6736,115,3,1701,국내 시장지수,KBSTAR,False,False,False
278240,1,KBSTAR 코스닥150선물레버리지,16520,2,135,0.82,16503.0,7.337,12285,200,1647,국내 시장지수,KBSTAR,False,True,False
368590,4,KBSTAR 미국나스닥100,14435,5,-45,-0.31,,9.3242,93939,1356,1617,해외 주식,KBSTAR,False,False,False
270810,1,KBSTAR 코스닥150,14830,2,15,0.1,15029.0,3.6376,19937,295,1596,국내 시장지수,KBSTAR,False,False,False
401170,2,KBSTAR iSelect메타버스,12535,5,-55,-0.44,12532.0,,914470,11405,1572,국내 업종/테마,KBSTAR,False,False,False
232080,1,TIGER 코스닥150,15130,2,45,0.3,15311.0,3.11,11340,171,1558,국내 시장지수,TIGER,False,False,False
385560,6,KBSTAR KIS국고채30년Enhanced,96785,5,-295,-0.3,96789.0,-10.4329,157,15,1520,채권,KBSTAR,False,False,False
372330,4,KODEX 차이나항셍테크,8360,5,-20,-0.24,,5.608,309437,2584,1509,해외 주식,KODEX,False,False,False
143860,2,TIGER 헬스케어,35920,5,-85,-0.24,36134.0,-20.51,35289,1273,1451,국내 업종/테마,TIGER,False,False,False
091230,2,TIGER 반도체,37800,5,-680,-1.77,37893.0,7.8928,61043,2308,1444,국내 업종/테마,TIGER,False,False,False
228800,2,TIGER 여행레저,4815,5,-90,-1.83,4827.0,-3.7292,1076633,5205,1348,국내 업종/테마,TIGER,False,False,False
150460,2,TIGER 중국소비테마,7955,5,-65,-0.81,7972.0,-5.4246,8729,69,1341,국내 업종/테마,TIGER,False,False,False
138540,2,TIGER 현대차그룹+펀더멘털,24215,5,-240,-0.98,24215.0,-2.0037,15694,380,1332,국내 업종/테마,TIGER,False,False,False
219480,4,KODEX 미국S&P500선물(H),22585,2,70,0.31,,5.0629,10760,243,1310,해외 주식,KODEX,False,False,True
252710,3,TIGER 200선물인버스2X,2310,2,20,0.87,2314.0,2.2321,2513321,5763,1310,국내 파생,TIGER,True,False,False
267770,3,TIGER 200선물레버리지,17740,5,-180,-1.0,17741.0,-4.6809,284966,5116,1295,국내 파생,TIGER,False,True,False
204480,4,TIGER 차이나CSI300레버리지(합성),32590,5,-105,-0.32,,9.2747,7044,229,1206,해외 주식,TIGER,False,True,False
367760,2,KBSTAR Fn5G테크,10840,2,185,1.74,10837.0,2.5999,302156,3285,1203,국내 업종/테마,KBSTAR,False,False,False
395750,2,ARIRANG ESG가치주액티브,9390,5,-65,-0.69,9417.0,0.0,48,0,1193,국내 업종/테마,ARIRANG,False,False,False
322400,2,HANARO e커머스,18275,5,-155,-0.84,18312.0,-5.5115,113026,2064,1170,국내 업종/테마,HANARO,False,False,False
329200,2,TIGER 부동산인프라고배당,6035,2,30,0.5,6042.0,6.2267,125780,759,1165,국내 업종/테마,TIGER,False,False,False
261240,7,KODEX 미국달러선물,10500,5,-15,-0.14,10508.0,1.1544,58622,615,1152,기타,KODEX,False,False,False
309230,2,KINDEX 미국WideMoat가치주,18185,5,-25,-0.14,,1.7602,14980,272,1146,국내 업종/테마,KINDEX,False,False,False
273140,6,KODEX 단기변동금리부채권액티브,102830,5,-5,0.0,102827.0,0.1899,103,10,1142,채권,KODEX,False,False,False
298770,4,KODEX 한국대만IT프리미어,20390,5,-140,-0.68,,4.2926,51185,1046,1121,해외 주식,KODEX,False,False,False
130730,6,KOSEF 단기자금,101285,5,-15,-0.01,101292.0,0.1136,115680,11717,1097,채권,KOSEF,False,False,False
114260,6,KODEX 국고채3년,57275,5,-15,-0.03,57290.0,-1.4196,20758,1188,1096,채권,KODEX,False,False,False
329650,7,KODEX TRF3070,11465,5,-15,-0.13,11425.0,-0.2607,35775,409,1055,기타,KODEX,False,False,False
139220,2,TIGER 200 건설,3065,2,20,0.66,3066.0,1.6694,146410,448,1051,국내 업종/테마,TIGER,False,False,False
325010,2,KODEX Fn성장,17515,5,-170,-0.96,17600.0,-2.8297,44,0,1051,국내 업종/테마,KODEX,False,False,False
328370,1,ARIRANG 코스피TR,15100,5,-35,-0.23,15088.0,-2.9497,25,0,1042,국내 시장지수,ARIRANG,False,False,False
228810,2,TIGER 미디어컨텐츠,10435,5,-105,-1.0,10437.0,30.8504,775005,8023,1027,국내 업종/테마,TIGER,False,False,False
283580,4,KODEX 차이나CSI300,14640,5,-45,-0.31,,5.2688,15787,231,1025,해외 주식,KODEX,False,False,False
379780,4,KBSTAR 미국S&P500,12175,2,15,0.12,,6.2472,73729,898,998,해외 주식,KBSTAR,False,False,False
225040,4,TIGER 미국S&P500레버리지(합성 H),36960,2,110,0.3,,9.169,4827,178,998,해외 주식,TIGER,False,True,True
144600,5,KODEX 은선물(H),4835,5,-85,-1.73,,3.2528,362362,1752,967,원자재,KODEX,False,False,True
364970,2,TIGER KRX바이오K-뉴딜,8720,2,40,0.46,8733.0,-20.6944,368628,3226,959,국내 업종/테마,TIGER,False,False,False
157490,2,TIGER 소프트웨어,17635,5,-55,-0.31,17637.0,-5.8793,100063,1759,924,국내 업종/테마,TIGER,False,False,False
117700,2,KODEX 건설,3435,2,15,0.44,3435.0,-1.441,130708,449,907,국내 업종/테마,KODEX,False,False,False
304940,4,KODEX 미국나스닥100선물(H),20670,5,-55,-0.27,,7.8303,13053,269,899,해외 주식,KODEX,False,False,True
371470,4,TIGER 차이나바이오테크SOLACTIVE,11080,2,90,0.82,,-3.3422,31155,342,895,해외 주식,TIGER,False,False,False
139280,2,TIGER 경기방어,10840,5,-85,-0.78,10872.0,-12.0017,1296,14,876,국내 업종/테마,TIGER,False,False,False
363580,2,KODEX 200IT TR,13895,5,-75,-0.54,13926.0,2.4944,8205,115,875,국내 업종/테마,KODEX,False,False,False
122260,6,KOSEF 통안채1년,101215,5,-30,-0.03,101237.0,-0.0149,10925,1105,870,채권,KOSEF,False,False,False
195930,4,TIGER 유로스탁스50(합성 H),14600,5,-55,-0.38,,3.0953,19631,286,847,해외 주식,TIGER,False,False,True
306520,3,HANARO 200선물인버스,9330,2,40,0.43,9340.0,1.6967,7620,70,835,국내 파생,HANARO,True,False,False
266160,2,KBSTAR 고배당,12395,5,-65,-0.52,12433.0,2.4586,5526,68,812,국내 업종/테마,KBSTAR,False,False,False
136340,6,KBSTAR 중기우량회사채,103885,5,-25,-0.02,103886.0,-1.3201,15,1,810,채권,KBSTAR,False,False,False
174360,4,KBSTAR 중국본토대형주CSI100,21525,5,-55,-0.25,,6.253,2973,64,796,해외 주식,KBSTAR,False,False,False
387270,4,TIGER 글로벌BBIG액티브,12645,5,-105,-0.82,,8.3722,54489,690,752,해외 주식,TIGER,False,False,False
195980,4,ARIRANG 신흥국MSCI(합성 H),11990,5,-10,-0.08,,1.437,32423,389,746,해외 주식,ARIRANG,False,False,True
385510,2,KODEX K-신재생에너지액티브,12360,2,160,1.31,12369.0,13.6999,521201,6407,742,국내 업종/테마,KODEX,False,False,False
387280,2,TIGER 퓨처모빌리티액티브,12270,2,130,1.07,12249.0,15.3992,45381,552,739,국내 업종/테마,TIGER,False,False,False
245340,4,TIGER 미국다우존스30,21580,2,100,0.47,,2.5787,19918,430,738,해외 주식,TIGER,False,False,False
277630,1,TIGER 코스피,30400,5,-20,-0.07,30420.0,-2.9511,292,8,730,국내 시장지수,TIGER,False,False,False
376410,2,TIGER 탄소효율그린뉴딜,9645,5,-5,-0.05,9639.0,-1.2788,41885,404,723,국내 업종/테마,TIGER,False,False,False
391600,4,KINDEX 미국친환경그린테마INDXX,11385,5,-70,-0.61,,18.7046,115066,1310,706,해외 주식,KINDEX,False,False,False
404540,2,TIGER KRX기후변화솔루션,10040,5,-65,-0.64,10059.0,,149136,1492,703,국내 업종/테마,TIGER,False,False,False
385520,2,KODEX K-미래차액티브,11340,2,70,0.62,11372.0,12.1393,32077,360,692,국내 업종/테마,KODEX,False,False,False
114820,6,TIGER 국채3년,108910,5,-80,-0.07,109001.0,-1.4468,3494,380,686,채권,TIGER,False,False,False
305080,6,TIGER 미국채10년선물,12015,3,0,0.0,,-1.5164,74512,895,685,채권,TIGER,False,False,False
123310,3,TIGER 인버스,4490,2,20,0.45,4496.0,1.5909,66222,296,678,국내 파생,TIGER,True,False,False
396510,4,TIGER 차이나클린에너지SOLACTIVE,10760,5,-240,-2.18,,9.7256,77297,835,654,해외 주식,TIGER,False,False,False
365000,2,TIGER KRX인터넷K-뉴딜,11630,5,-5,-0.04,11649.0,-5.8277,37801,439,645,국내 업종/테마,TIGER,False,False,False
282000,3,KBSTAR 국고채3년선물인버스,101405,2,20,0.02,101339.0,1.7206,64,6,635,국내 파생,KBSTAR,True,False,False
363510,6,SOL KIS단기통안채,100530,3,0,0.0,100520.0,0.1743,0,0,633,채권,SOL,False,False,False
245360,4,TIGER 차이나HSCEI,11090,5,-105,-0.94,,1.588,6036,67,632,해외 주식,TIGER,False,False,False
368190,2,HANARO Fn K-뉴딜디지털플러스,12195,5,-45,-0.37,12213.0,-10.7222,5295,64,628,국내 업종/테마,HANARO,False,False,False
233160,1,TIGER 코스닥150 레버리지,17090,2,120,0.71,17268.0,6.6289,110077,1865,615,국내 시장지수,TIGER,False,True,False
354350,4,HANARO 글로벌럭셔리S&P(합성),20465,5,-230,-1.11,,18.0884,27237,557,604,해외 주식,HANARO,False,False,False
130680,5,TIGER 원유선물Enhanced(H),3705,2,135,3.78,,21.843,335004,1234,598,원자재,TIGER,False,False,True
139230,2,TIGER 200 중공업,3260,5,-20,-0.61,3260.0,-1.9432,154348,502,597,국내 업종/테마,TIGER,False,False,False
200250,4,KOSEF 인도Nifty50(합성),18935,2,110,0.58,,6.3859,32181,608,596,해외 주식,KOSEF,False,False,False
256750,4,KODEX 차이나심천ChiNext(합성),15695,5,-115,-0.73,,9.7535,21573,339,596,해외 주식,KODEX,False,False,False
385720,1,TIMEFOLIO Kstock액티브,10225,5,-15,-0.15,10278.0,0.9861,2640,27,583,국내 시장지수,TIMEFOLIO,False,False,False
315960,2,KBSTAR 대형고배당10TR,16015,5,-85,-0.53,16035.0,4.2071,12410,200,577,국내 업종/테마,KBSTAR,False,False,False
395760,2,ARIRANG ESG성장주액티브,9545,5,-35,-0.37,9590.0,0.4192,82,0,573,국내 업종/테마,ARIRANG,False,False,False
227830,1,ARIRANG 코스피,30785,5,-65,-0.21,30758.0,-3.2006,141,4,570,국내 시장지수,ARIRANG,False,False,False
266360,2,KODEX 미디어&엔터테인먼트,26255,2,10,0.04,26265.0,3.0225,14735,384,551,국내 업종/테마,KODEX,False,False,False
102970,2,KODEX 증권,7960,5,-15,-0.19,7979.0,-0.7468,47934,382,541,국내 업종/테마,KODEX,False,False,False
388280,2,KBSTAR Fn컨택트대표,9580,5,-155,-1.59,9603.0,3.6189,43280,415,538,국내 업종/테마,KBSTAR,False,False,False
117680,2,KODEX 철강,8340,5,-120,-1.42,8347.0,-7.7427,182386,1532,537,국내 업종/테마,KODEX,False,False,False
337160,2,KODEX 200ESG,14045,5,-115,-0.81,14092.0,-1.3585,644,9,520,국내 업종/테마,KODEX,False,False,False
371450,4,TIGER 글로벌클라우드컴퓨팅INDXX,12030,5,-250,-2.04,,1.4876,68449,823,515,해외 주식,TIGER,False,False,False
302190,6,TIGER 중장기국채,51395,5,-25,-0.05,51405.0,-2.6229,84,4,514,채권,TIGER,False,False,False
266370,2,KODEX IT,21270,3,0,0.0,21266.0,6.3765,18544,396,510,국내 업종/테마,KODEX,False,False,False
289260,2,TIGER MSCI KOREA ESG리더스,11320,2,30,0.27,11318.0,-2.7144,743,8,509,국내 업종/테마,TIGER,False,False,False
114460,6,KINDEX 국고채3년,105055,5,-55,-0.05,105122.0,-1.3885,105,11,504,채권,KINDEX,False,False,False
404260,2,KODEX KRX기후변화솔루션,9990,5,-65,-0.65,10018.0,,2392,23,500,국내 업종/테마,KODEX,False,False,False
336160,6,KBSTAR 금융채액티브,101870,5,-5,0.0,101863.0,-1.2505,5,0,499,채권,KBSTAR,False,False,False
256440,4,KINDEX 인도네시아MSCI(합성),9385,2,10,0.11,,15.0306,4665,43,479,해외 주식,KINDEX,False,False,False
304780,1,HANARO 200선물레버리지,25695,5,-280,-1.08,25731.0,-4.6789,30550,801,475,국내 시장지수,HANARO,False,True,False
363570,6,KODEX 장기종합채권(AA-이상)액티브KAP,93410,5,-745,-0.79,94076.0,-4.246,17,1,471,채권,KODEX,False,False,False
099140,4,KODEX 차이나H,18820,5,-165,-0.87,,1.5783,2094,39,471,해외 주식,KODEX,False,False,False
356540,6,KINDEX KIS종합채권(AA-이상)액티브,96950,3,0,0.0,96905.0,-2.4256,0,0,470,채권,KINDEX,False,False,False
219390,4,KBSTAR 미국S&P원유생산기업(합성 H),4650,2,190,4.26,,32.5408,139107,645,465,해외 주식,KBSTAR,False,False,True
375770,2,KODEX 탄소효율그린뉴딜,9625,5,-60,-0.62,9649.0,-1.0726,3432,33,462,국내 업종/테마,KODEX,False,False,False
292190,1,KODEX KRX300,18405,5,-75,-0.41,18405.0,-1.2293,7089,130,460,국내 시장지수,KODEX,False,False,False
228790,2,TIGER 화장품,2945,5,-30,-1.01,2942.0,-11.4584,190005,561,458,국내 업종/테마,TIGER,False,False,False
243880,2,TIGER 200IT레버리지,60350,5,-210,-0.35,60511.0,3.4859,35202,2186,453,국내 업종/테마,TIGER,False,True,False
341850,7,TIGER KIS부동산인프라채권TR,5790,3,0,0.0,5789.0,3.3559,10519,60,452,기타,TIGER,False,False,False
361580,1,KBSTAR 200TR,20285,5,-115,-0.56,20306.0,-1.9703,4206,85,446,국내 시장지수,KBSTAR,False,False,False
396500,2,TIGER Fn반도체TOP10,9580,5,-140,-1.44,9591.0,10.9589,613971,5882,431,국내 업종/테마,TIGER,False,False,False
400570,4,KODEX 유럽탄소배출권선물ICE(H),11160,5,-125,-1.11,,,200714,2239,423,해외 주식,KODEX,False,False,True
203780,4,TIGER 미국나스닥바이오,20890,5,-50,-0.24,,-6.9334,5614,117,418,해외 주식,TIGER,False,False,False
269540,4,ARIRANG 미국S&P500(H),19405,2,70,0.36,,5.3104,6979,135,408,해외 주식,ARIRANG,False,False,True
204450,4,KODEX 차이나H레버리지(H),4575,5,-55,-1.19,,-1.5941,94379,433,389,해외 주식,KODEX,False,True,True
390390,4,KODEX 미국반도체MV,12345,5,-115,-0.92,,22.097,86238,1065,383,해외 주식,KODEX,False,False,False
123320,3,TIGER 레버리지,22380,5,-200,-0.89,22395.0,-4.8061,57435,1293,380,국내 파생,TIGER,False,True,False
304770,1,HANARO 코스닥150,14870,3,0,0.0,15096.0,2.9421,698,10,378,국내 시장지수,HANARO,False,False,False
139270,2,TIGER 200 금융,7035,2,20,0.29,7045.0,3.3593,46141,326,377,국내 업종/테마,TIGER,False,False,False
276650,4,KBSTAR 글로벌4차산업IT(합성 H),24950,5,-180,-0.72,,6.1457,18848,468,374,해외 주식,KBSTAR,False,False,True
276970,4,KODEX 미국S&P고배당커버드콜(합성 H),10380,3,0,0.0,,0.4159,3044,31,374,해외 주식,KODEX,False,False,True
394350,4,KOSEF 릭소글로벌퓨처모빌리티MSCI,12845,5,-140,-1.08,,20.3429,191267,2460,373,해외 주식,KOSEF,False,False,False
326230,2,KBSTAR 내수주플러스,9895,5,-60,-0.6,9907.0,-6.8321,20,0,372,국내 업종/테마,KBSTAR,False,False,False
385600,2,네비게이터 친환경자동차밸류체인액티브,11795,2,125,1.07,11821.0,12.7536,3986,46,366,국내 업종/테마,네비게이터,False,False,False
396520,4,TIGER 차이나반도체FACTSET,9930,5,-20,-0.2,,-0.5,16115,160,361,해외 주식,TIGER,False,False,False
300640,2,KBSTAR 게임테마,21860,5,-95,-0.43,21926.0,45.9288,100410,2183,361,국내 업종/테마,KBSTAR,False,False,False
279530,2,KODEX 고배당,10225,2,30,0.29,10247.0,6.7539,4382,44,358,국내 업종/테마,KODEX,False,False,False
385710,2,TIMEFOLIO BBIG액티브,11380,2,85,0.75,11420.0,-2.0382,20954,237,353,국내 업종/테마,TIMEFOLIO,False,False,False
381560,2,HANARO Fn전기&수소차,9655,5,-45,-0.46,9660.0,-0.4107,32482,314,348,국내 업종/테마,HANARO,False,False,False
138230,7,KOSEF 미국달러선물,12485,5,-10,-0.08,12486.0,1.174,5269,65,347,기타,KOSEF,False,False,False
225800,3,KOSEF 미국달러선물레버리지,9660,5,-10,-0.1,9666.0,2.058,21794,210,346,국내 파생,KOSEF,False,True,False
310960,1,TIGER 200TR,21030,5,-175,-0.83,21097.0,-1.9649,687,14,336,국내 시장지수,TIGER,False,False,False
252420,3,KBSTAR 200선물인버스2X,2215,2,15,0.68,2222.0,2.0881,145106,320,334,국내 파생,KBSTAR,True,False,False
359210,1,KODEX 코스피TR,13870,5,-50,-0.36,13870.0,-2.9966,645,8,333,국내 시장지수,KODEX,False,False,False
114470,6,KOSEF 국고채3년,110635,3,0,0.0,110657.0,-1.4695,3,0,332,채권,KOSEF,False,False,False
385590,2,네비게이터 ESG액티브,9465,5,-40,-0.42,9492.0,-1.8079,1604,15,331,국내 업종/테마,네비게이터,False,False,False
211900,2,KODEX 배당성장,15215,2,45,0.3,15245.0,-0.4594,1114,16,320,국내 업종/테마,KODEX,False,False,False
364990,2,TIGER KRX게임K-뉴딜,13040,2,50,0.38,13046.0,9.3894,130012,1677,319,국내 업종/테마,TIGER,False,False,False
337140,2,KODEX 코스피대형주,13875,5,-85,-0.61,13902.0,-2.7178,3129,43,319,국내 업종/테마,KODEX,False,False,False
287180,4,ARIRANG 미국나스닥기술주,26535,5,-195,-0.73,,10.0679,28759,763,318,해외 주식,ARIRANG,False,False,False
169950,4,KODEX 차이나A50,22665,5,-5,-0.02,,7.3644,549,12,317,해외 주식,KODEX,False,False,False
227540,2,TIGER 200 헬스케어,21950,5,-265,-1.19,22007.0,-18.2371,18186,402,316,국내 업종/테마,TIGER,False,False,False
332620,6,ARIRANG 미국장기우량회사채,103405,5,-1415,-1.35,,0.1433,660,68,315,채권,ARIRANG,False,False,False
244580,2,KODEX 바이오,12245,5,-15,-0.12,12340.0,-20.4413,34639,426,304,국내 업종/테마,KODEX,False,False,False
272570,6,KBSTAR 중장기국공채액티브,101690,2,5,0.0,101647.0,-2.2636,47,4,300,채권,KBSTAR,False,False,False
137610,5,TIGER 농산물선물Enhanced(H),6880,2,40,0.58,,4.8275,36500,251,296,원자재,TIGER,False,False,True
280930,4,KODEX 미국러셀2000(H),15120,5,-10,-0.07,,6.4743,2087,31,295,해외 주식,KODEX,False,False,True
217780,4,TIGER 차이나CSI300인버스(합성),7300,2,30,0.41,,-5.5231,7385,54,292,해외 주식,TIGER,True,False,False
236350,4,TIGER 인도니프티50레버리지(합성),26185,2,425,1.65,,12.9081,5725,149,288,해외 주식,TIGER,False,True,False
319640,4,TIGER 골드선물(H),12960,5,-85,-0.65,,1.0065,23065,298,285,해외 주식,TIGER,False,False,True
181480,7,KINDEX 미국다우존스리츠(합성 H),100040,2,1600,1.63,,0.8813,1109,110,280,기타,KINDEX,False,False,True
213630,4,ARIRANG 미국다우존스고배당주(합성 H),15860,2,120,0.76,,2.1414,2277,36,274,해외 주식,ARIRANG,False,False,True
354500,1,KINDEX 코스닥150,15040,5,-15,-0.1,15086.0,3.9709,772,11,271,국내 시장지수,KINDEX,False,False,False
250780,3,TIGER 코스닥150선물인버스,4250,5,-20,-0.47,4259.0,-5.4264,193443,827,270,국내 파생,TIGER,True,False,False
266420,2,KODEX 헬스케어,15705,5,-25,-0.16,15813.0,-20.3343,36132,570,267,국내 업종/테마,KODEX,False,False,False
277540,4,KINDEX S&P아시아TOP50,14755,5,-95,-0.64,,2.9819,329,4,266,해외 주식,KINDEX,False,False,False
230480,3,KOSEF 미국달러선물인버스2X,7690,5,-10,-0.13,7714.0,-2.6549,323,2,263,국내 파생,KOSEF,True,False,False
152870,1,파워 200,40350,5,-190,-0.47,40417.0,-2.4543,34,1,262,국내 시장지수,파워,False,False,False
239660,6,ARIRANG 우량회사채50 1년,108455,5,-15,-0.01,108463.0,-0.1335,4802,520,260,채권,ARIRANG,False,False,False
253250,3,KOSEF 200선물레버리지,21175,5,-200,-0.94,21170.0,-4.8309,1977,42,258,국내 파생,KOSEF,False,True,False
252410,3,KBSTAR 200선물인버스,5240,2,30,0.58,5241.0,1.3618,1067,5,257,국내 파생,KBSTAR,True,False,False
160580,5,TIGER 구리실물,10600,2,95,0.9,,7.1392,3611,38,249,원자재,TIGER,False,False,False
218420,4,KODEX 미국S&P에너지(합성),7875,2,230,3.01,,20.5835,18263,144,240,해외 주식,KODEX,False,False,False
365040,1,TIGER AI코리아그로스액티브,13285,5,-5,-0.04,13308.0,-2.5303,785,10,239,국내 시장지수,TIGER,False,False,False
248270,4,TIGER S&P글로벌헬스케어(합성),18375,5,-30,-0.16,,-2.5933,20522,377,239,해외 주식,TIGER,False,False,False
292160,1,TIGER KRX300,18305,5,-130,-0.71,18356.0,-1.2799,2442,44,238,국내 시장지수,TIGER,False,False,False
176950,6,KODEX 국채선물10년인버스,48245,5,-15,-0.03,48228.0,4.1432,107,5,237,채권,KODEX,True,False,False
252400,3,KBSTAR 200선물레버리지,21445,5,-240,-1.11,21445.0,-4.7023,42514,917,236,국내 파생,KBSTAR,False,True,False
114100,6,KBSTAR 국고채3년,111205,3,0,0.0,111214.0,-1.4097,77,8,234,채권,KBSTAR,False,False,False
168300,1,KTOP 코스피50,28070,5,-55,-0.2,28048.0,-2.3268,119,3,232,국내 시장지수,KTOP,False,False,False
332610,6,ARIRANG 미국단기우량회사채,100160,2,85,0.08,,0.4668,40,4,230,채권,ARIRANG,False,False,False
261250,7,KODEX 미국달러선물레버리지,10145,5,-15,-0.15,10148.0,2.1105,32437,329,230,기타,KODEX,False,True,False
322410,2,HANARO 고배당,11080,3,0,0.0,11107.0,2.0163,289,3,227,국내 업종/테마,HANARO,False,False,False
400590,4,SOL 글로벌탄소배출권선물IHS(합성),11340,5,-135,-1.18,,,67304,762,227,해외 주식,SOL,False,False,False
304660,6,KODEX 미국채울트라30년선물(H),12410,5,-45,-0.36,,-2.3521,13692,169,223,채권,KODEX,False,False,True
266410,2,KODEX 필수소비재,8500,5,-30,-0.35,8505.0,-9.1103,21432,183,221,국내 업종/테마,KODEX,False,False,False
404120,2,TIMEFOLIO 탄소중립액티브,9895,5,-5,-0.05,9894.0,,3523,34,218,국내 업종/테마,TIMEFOLIO,False,False,False
225130,4,KINDEX 골드선물 레버리지(합성 H),16740,5,-245,-1.44,,1.3727,9854,164,218,해외 주식,KINDEX,False,True,True
210780,2,TIGER 코스피고배당,15430,2,160,1.05,15470.0,7.1879,4157,63,218,국내 업종/테마,TIGER,False,False,False
377990,2,TIGER Fn신재생에너지,9820,5,-35,-0.36,9825.0,2.0714,23391,228,216,국내 업종/테마,TIGER,False,False,False
285690,2,FOCUS ESG리더스,11010,5,-10,-0.09,11041.0,-2.3483,2,0,215,국내 업종/테마,FOCUS,False,False,False
329660,7,KODEX TRF5050,12625,2,50,0.4,12607.0,0.8016,40359,509,215,기타,KODEX,False,False,False
138520,2,TIGER 삼성그룹펀더멘털,11595,5,-115,-0.98,11633.0,-2.376,10479,121,213,국내 업종/테마,TIGER,False,False,False
237370,7,KODEX 배당성장채권혼합,11845,5,-35,-0.29,11909.0,-0.9588,7736,91,213,기타,KODEX,False,False,False
331910,2,KOSEF Fn중소형,23630,5,-85,-0.36,23721.0,-3.8711,57346,1348,213,국내 업종/테마,KOSEF,False,False,False
397410,6,KBSTAR 국채선물5년추종인버스,51240,2,20,0.04,51199.0,,5,0,212,채권,KBSTAR,True,False,False
300950,2,KODEX 게임산업,17620,2,90,0.51,17627.0,33.055,135608,2349,211,국내 업종/테마,KODEX,False,False,False
276990,4,KODEX 글로벌4차산업로보틱스(합성),19520,5,-230,-1.16,,9.3274,4043,78,210,해외 주식,KODEX,False,False,False
329670,7,KODEX TRF7030,13795,2,35,0.25,13811.0,2.1908,4951,68,207,기타,KODEX,False,False,False
300610,2,TIGER K게임,18755,2,35,0.19,18787.0,47.8672,112260,2089,206,국내 업종/테마,TIGER,False,False,False
388420,2,KBSTAR 비메모리반도체액티브,10580,5,-270,-2.49,10593.0,12.6102,208146,2199,205,국내 업종/테마,KBSTAR,False,False,False
371130,4,KINDEX 블룸버그베트남VN30선물레버리지(H),22660,2,950,4.38,,12.4287,8520,190,204,해외 주식,KINDEX,False,True,True
278620,6,ARIRANG 단기채권액티브,105910,5,-5,0.0,105907.0,-0.1603,1,0,200,채권,ARIRANG,False,False,False
152380,6,KODEX 국채선물10년,67955,5,-45,-0.07,67971.0,-3.853,246,16,200,채권,KODEX,False,False,False
117460,2,KODEX 에너지화학,18885,2,165,0.88,18911.0,-0.795,2595,48,198,국내 업종/테마,KODEX,False,False,False
352560,7,KODEX 다우존스미국리츠(H),14990,2,70,0.47,,3.2168,1604,24,195,기타,KODEX,False,False,True
138910,5,KODEX 구리선물(H),8085,2,45,0.56,,5.6504,25523,207,194,원자재,KODEX,False,False,True
238720,4,KINDEX 일본Nikkei225(H),19245,5,-410,-2.09,,8.7413,310,6,192,해외 주식,KINDEX,False,False,True
143460,2,KINDEX 밸류대형,9550,5,-25,-0.26,9551.0,0.7364,130,1,191,국내 업종/테마,KINDEX,False,False,False
227570,2,TIGER 우량가치,11955,5,-10,-0.08,11981.0,-0.993,159,1,190,국내 업종/테마,TIGER,False,False,False
337150,2,KODEX 200exTOP,13525,5,-125,-0.92,13576.0,-4.2777,24,0,189,국내 업종/테마,KODEX,False,False,False
306950,3,KODEX KRX300레버리지,18580,5,-115,-0.62,18591.0,-4.2755,1229,23,186,국내 파생,KODEX,False,True,False
292730,1,FOCUS KRX300,18460,5,-60,-0.32,18478.0,-1.4894,53,0,185,국내 시장지수,FOCUS,False,False,False
368680,2,KODEX Fn K-뉴딜디지털플러스,12220,5,-45,-0.37,12237.0,-10.6376,3436,42,183,국내 업종/테마,KODEX,False,False,False
395280,2,HANARO Fn K-게임,10465,2,65,0.63,10454.0,15.8129,72627,750,183,국내 업종/테마,HANARO,False,False,False
140700,2,KODEX 보험,6620,2,35,0.53,6628.0,1.9349,69850,464,179,국내 업종/테마,KODEX,False,False,False
289040,2,KODEX MSCI KOREA ESG유니버설,11840,5,-90,-0.75,11889.0,-2.0124,123,1,178,국내 업종/테마,KODEX,False,False,False
140710,2,KODEX 운송,5540,5,-50,-0.89,5556.0,-14.981,13467,74,177,국내 업종/테마,KODEX,False,False,False
395290,2,HANARO Fn K-POP&미디어,11340,5,-115,-1.0,11333.0,25.8791,106162,1190,176,국내 업종/테마,HANARO,False,False,False
399110,4,SOL 미국S&P500ESG,10875,2,65,0.6,,,18460,201,174,해외 주식,SOL,False,False,False
139250,2,TIGER 200 에너지화학,19175,2,175,0.92,19199.0,-3.5827,4375,83,173,국내 업종/테마,TIGER,False,False,False
284430,6,KODEX 200미국채혼합,13120,5,-50,-0.38,13140.0,-1.8629,2717,35,168,채권,KODEX,False,False,False
237350,1,KODEX 코스피100,30235,5,-195,-0.64,30313.0,-2.3741,532,16,166,국내 시장지수,KODEX,False,False,False
292500,1,SOL KRX300,18430,3,0,0.0,18425.0,-1.5755,0,0,166,국내 시장지수,SOL,False,False,False
276000,4,TIGER 글로벌자원생산기업(합성 H),13790,2,175,1.29,,8.2273,1588,21,165,해외 주식,TIGER,False,False,True
360140,2,KODEX 200롱코스닥150숏선물,10300,5,-60,-0.58,10269.0,-7.2516,9268,95,165,국내 업종/테마,KODEX,False,False,False
280320,4,KINDEX 미국IT인터넷S&P(합성 H),20515,5,-235,-1.13,,0.2173,916,18,164,해외 주식,KINDEX,False,False,True
407820,2,에셋플러스 코리아플랫폼액티브,10250,2,45,0.44,10249.0,,51324,523,164,국내 업종/테마,에셋플러스,False,False,False
211560,2,TIGER 배당성장,18825,2,10,0.05,18886.0,-0.2387,3240,61,164,국내 업종/테마,TIGER,False,False,False
304760,1,HANARO KRX300,18085,5,-135,-0.74,18135.0,-1.2681,207,3,163,국내 시장지수,HANARO,False,False,False
225050,4,TIGER 유로스탁스레버리지(합성 H),10820,5,-130,-1.19,,5.3391,7458,80,162,해외 주식,TIGER,False,True,True
241180,4,TIGER 일본니케이225,17960,5,-250,-1.37,,4.7454,1295,23,162,해외 주식,TIGER,False,False,False
138530,2,TIGER LG그룹+펀더멘털,10595,2,10,0.09,10606.0,-1.9454,3276,34,161,국내 업종/테마,TIGER,False,False,False
316670,1,KOSEF 코스닥150,7415,5,-5,-0.07,7505.0,3.1988,630,4,160,국내 시장지수,KOSEF,False,False,False
272910,6,KINDEX 중장기국공채액티브,99400,5,-5,-0.01,99433.0,-1.8843,1,0,156,채권,KINDEX,False,False,False
245350,4,TIGER 유로스탁스배당30,13000,5,-70,-0.54,,-1.8696,8575,111,156,해외 주식,TIGER,False,False,False
102960,2,KODEX 기계장비,5815,5,-30,-0.51,5832.0,2.9955,10710,62,155,국내 업종/테마,KODEX,False,False,False
091220,2,TIGER 은행,7935,2,65,0.83,7938.0,5.5525,69378,552,154,국내 업종/테마,TIGER,False,False,False
367740,2,HANARO Fn5G산업,13320,2,45,0.34,13360.0,3.1468,3474,46,153,국내 업종/테마,HANARO,False,False,False
182490,6,TIGER 단기선진하이일드(합성 H),12510,5,-45,-0.36,,0.965,45,0,150,채권,TIGER,False,False,True
183700,7,KBSTAR 채권혼합,62250,3,0,0.0,62291.0,-1.9994,6,0,149,기타,KBSTAR,False,False,False
253160,3,ARIRANG 200선물인버스2X,4455,2,35,0.79,4459.0,2.5522,85886,382,149,국내 파생,ARIRANG,True,False,False
223190,2,KODEX 200가치저변동,10645,5,-65,-0.61,10668.0,0.5161,2373,25,149,국내 업종/테마,KODEX,False,False,False
153270,1,KOSEF 코스피100,29775,5,-165,-0.55,29767.0,-2.3898,41976,1253,149,국내 시장지수,KOSEF,False,False,False
241390,7,KBSTAR V&S셀렉트밸류채권혼합,12140,5,-25,-0.21,12162.0,-2.132,3039,36,146,기타,KBSTAR,False,False,False
269420,4,KODEX S&P글로벌인프라(합성),12460,2,135,1.1,,1.9859,4100,51,145,해외 주식,KODEX,False,False,False
401590,4,HANARO 글로벌탄소배출권선물ICE(합성),11175,5,-140,-1.24,,,222239,2473,145,해외 주식,HANARO,False,False,False
390400,4,KODEX 미국스마트모빌리티S&P,10325,3,0,0.0,,14.9137,6583,68,145,해외 주식,KODEX,False,False,False
289250,2,TIGER MSCI KOREA ESG유니버설,11890,5,-80,-0.67,11925.0,-2.0859,7,0,143,국내 업종/테마,TIGER,False,False,False
361590,2,KBSTAR 코스피ex200,14070,2,60,0.43,14099.0,-1.9251,54,0,141,국내 업종/테마,KBSTAR,False,False,False
292050,1,KBSTAR KRX300,18515,5,-115,-0.62,18535.0,-1.1934,72,1,139,국내 시장지수,KBSTAR,False,False,False
139240,2,TIGER 200 철강소재,8640,5,-115,-1.31,8657.0,-5.8603,7035,61,138,국내 업종/테마,TIGER,False,False,False
219900,4,KINDEX 중국본토CSI300레버리지(합성),5730,5,-20,-0.35,,9.1081,317,1,138,해외 주식,KINDEX,False,True,False
360150,2,KODEX 코스닥150롱코스피200숏선물,9085,2,90,1.0,9094.0,6.3238,610,5,136,국내 업종/테마,KODEX,False,False,False
402520,1,FOCUS 혁신기업액티브,9725,5,-45,-0.46,9782.0,,113,1,136,국내 시장지수,FOCUS,False,False,False
375760,2,HANARO 탄소효율그린뉴딜,9575,5,-70,-0.73,9607.0,-1.1277,917,8,134,국내 업종/테마,HANARO,False,False,False
122090,1,ARIRANG 코스피50,27790,5,-140,-0.5,27768.0,-2.0688,208,5,133,국내 시장지수,ARIRANG,False,False,False
195920,4,TIGER 일본TOPIX(합성 H),16665,5,-265,-1.57,,7.6629,35349,589,133,해외 주식,TIGER,False,False,True
140950,1,파워 코스피100,30185,5,-150,-0.49,30307.0,-3.1945,34,1,133,국내 시장지수,파워,False,False,False
308620,6,KODEX 미국채10년선물,11760,5,-5,-0.04,,-1.5482,6168,72,129,채권,KODEX,False,False,False
395160,2,KODEX Fn시스템반도체,9910,5,-150,-1.49,9924.0,8.4636,99995,990,129,국내 업종/테마,KODEX,False,False,False
307010,3,KBSTAR KRX300레버리지,18385,5,-290,-1.55,18482.0,-3.9105,111,2,129,국내 파생,KBSTAR,False,True,False
407830,4,에셋플러스 글로벌플랫폼액티브,9860,5,-135,-1.35,,,144422,1422,128,해외 주식,에셋플러스,False,False,False
365780,6,KINDEX 국고채10년,94925,3,0,0.0,94952.0,-3.6539,169,16,128,채권,KINDEX,False,False,False
229720,1,KODEX KTOP30,21335,5,-215,-1.0,21376.0,-4.7935,315,6,128,국내 시장지수,KODEX,False,False,False
253150,3,ARIRANG 200선물레버리지,42465,5,-650,-1.51,42654.0,-5.5739,2359,100,127,국내 파생,ARIRANG,False,True,False
139660,7,KOSEF 미국달러선물인버스,10020,2,5,0.05,10036.0,-1.4757,3,0,127,기타,KOSEF,True,False,False
251590,2,ARIRANG 고배당저변동50,11485,2,10,0.09,11487.0,4.3181,416,4,126,국내 업종/테마,ARIRANG,False,False,False
391590,4,KINDEX 미국스팩&IPO INDXX,10525,5,-255,-2.37,,11.5942,25480,268,126,해외 주식,KINDEX,False,False,False
200030,4,KODEX 미국S&P산업재(합성),21955,2,55,0.25,,3.2288,215,4,126,해외 주식,KODEX,False,False,False
271050,5,KODEX WTI원유선물인버스(H),7275,5,-265,-3.51,,-19.3152,98245,717,125,원자재,KODEX,True,False,True
315270,2,TIGER 200커뮤니케이션서비스,32580,5,-5,-0.02,32634.0,-4.6582,902,29,124,국내 업종/테마,TIGER,False,False,False
310080,4,KBSTAR 중국MSCI China(H),11715,5,-95,-0.8,,1.7226,2431,28,123,해외 주식,KBSTAR,False,False,True
399580,4,KBSTAR 글로벌클린에너지S&P,10190,5,-180,-1.74,,,36584,372,122,해외 주식,KBSTAR,False,False,False
251600,7,ARIRANG 고배당주채권혼합,11080,2,30,0.27,11086.0,0.1359,1493,16,122,기타,ARIRANG,False,False,False
279540,2,KODEX 최소변동성,12030,5,-40,-0.33,12092.0,-0.4947,4,0,120,국내 업종/테마,KODEX,False,False,False
104520,2,KOSEF 블루칩,9885,5,-5,-0.05,9885.0,-3.5122,149,1,119,국내 업종/테마,KOSEF,False,False,False
253290,7,KBSTAR 헬스케어채권혼합,11770,5,-25,-0.21,11798.0,-7.3813,4059,47,118,기타,KBSTAR,False,False,False
244620,2,KODEX 모멘텀Plus,13065,2,55,0.42,13089.0,2.1193,590,7,118,국내 업종/테마,KODEX,False,False,False
208470,4,SOL 선진국MSCI World(합성 H),19470,5,-55,-0.28,,3.1976,72,1,117,해외 주식,SOL,False,False,True
402460,2,HANARO Fn K-메타버스MZ,12220,2,20,0.16,12252.0,,37448,453,116,국내 업종/테마,HANARO,False,False,False
265690,4,KINDEX 러시아MSCI(합성),32930,2,745,2.31,,2.5489,2219,72,115,해외 주식,KINDEX,False,False,False
244670,2,KODEX 밸류Plus,9550,5,-20,-0.21,9579.0,-4.3,81,0,115,국내 업종/테마,KODEX,False,False,False
395150,2,KODEX Fn웹툰&드라마,10370,5,-85,-0.81,10412.0,16.6852,33927,350,114,국내 업종/테마,KODEX,False,False,False
253230,3,KOSEF 200선물인버스2X,2200,2,20,0.92,2210.0,1.6317,33652,73,113,국내 파생,KOSEF,True,False,False
248260,4,TIGER 일본TOPIX헬스케어(합성),11310,5,-50,-0.44,,-5.8824,158,1,113,해외 주식,TIGER,False,False,False
196030,4,KINDEX 일본TOPIX레버리지(H),22610,5,-705,-3.02,,14.9371,254,5,113,해외 주식,KINDEX,False,True,True
316300,7,KINDEX 싱가포르리츠,12495,2,60,0.48,,0.4848,191,2,112,기타,KINDEX,False,False,False
100910,1,KOSEF KRX100,6245,5,-25,-0.4,6247.0,-2.3365,224,1,112,국내 시장지수,KOSEF,False,False,False
400580,4,SOL 유럽탄소배출권선물S&P(H),11045,5,-140,-1.25,,,10844,119,110,해외 주식,SOL,False,False,True
139290,2,TIGER 200 경기소비재,17200,5,-205,-1.18,17213.0,-1.9437,321,5,110,국내 업종/테마,TIGER,False,False,False
292750,1,ARIRANG KRX300,18325,5,-115,-0.62,18353.0,-1.3377,7,0,110,국내 시장지수,ARIRANG,False,False,False
381570,2,HANARO Fn친환경에너지,10890,2,70,0.65,10913.0,6.8641,3526,38,109,국내 업종/테마,HANARO,False,False,False
403790,1,마이다스 KoreaStock액티브,20570,5,-65,-0.31,20573.0,,348,7,108,국내 시장지수,마이다스,False,False,False
225030,4,TIGER 미국S&P500선물인버스(H),3565,5,-15,-0.42,,-5.0398,19639,69,105,해외 주식,TIGER,True,False,True
270800,2,KBSTAR KQ고배당,14995,5,-120,-0.79,15084.0,-3.7874,470,7,105,국내 업종/테마,KBSTAR,False,False,False
285000,2,KBSTAR 200IT,16380,5,-40,-0.24,16429.0,1.9875,1162,19,105,국내 업종/테마,KBSTAR,False,False,False
352540,7,KODEX TSE일본리츠(H),13055,2,15,0.12,,-1.0623,153,1,104,기타,KODEX,False,False,True
271060,5,KODEX 3대농산물선물(H),11480,2,120,1.06,,5.4292,11484,131,103,원자재,KODEX,False,False,True
101280,4,KODEX 일본TOPIX100,17200,5,-70,-0.41,,5.2086,684,11,103,해외 주식,KODEX,False,False,False
261070,2,TIGER 코스닥150바이오테크,10305,2,10,0.1,10489.0,-18.5523,5709,58,103,국내 업종/테마,TIGER,False,False,False
402970,4,KINDEX 미국고배당S&P,10305,2,50,0.49,,,182604,1884,103,해외 주식,KINDEX,False,False,False
185680,4,KODEX 미국S&P바이오(합성),31045,2,95,0.31,,-1.1498,1286,39,101,해외 주식,KODEX,False,False,False
108590,1,TREX 200,40270,5,-275,-0.68,40394.0,-1.8163,26,1,101,국내 시장지수,TREX,False,False,False
342140,7,KINDEX 모닝스타싱가포르리츠채권혼합,10035,3,0,0.0,,-2.193,1,0,100,기타,KINDEX,False,False,False
145850,2,TREX 펀더멘탈 200,39965,3,0,0.0,39866.0,0.6928,0,0,100,국내 업종/테마,TREX,False,False,False
375270,7,KBSTAR 글로벌데이터센터리츠나스닥(합성),12480,2,55,0.44,,-1.0749,7856,97,100,기타,KBSTAR,False,False,False
368200,2,KBSTAR Fn K-뉴딜디지털플러스,12215,5,-35,-0.29,12241.0,-10.584,25,0,98,국내 업종/테마,KBSTAR,False,False,False
337120,2,KODEX Fn멀티팩터,13910,5,-90,-0.64,13932.0,-1.6509,40,0,97,국내 업종/테마,KODEX,False,False,False
226380,2,KINDEX Fn성장소비주도주,7870,5,-100,-1.25,7988.0,1.464,1673,13,94,국내 업종/테마,KINDEX,False,False,False
105780,2,KBSTAR 5대그룹주,7860,5,-70,-0.88,7899.0,-4.1113,3047,24,94,국내 업종/테마,KBSTAR,False,False,False
256450,4,ARIRANG 심천차이넥스트(합성),15700,5,-50,-0.32,,9.6033,142,2,94,해외 주식,ARIRANG,False,False,False
152500,3,KINDEX 레버리지,9320,5,-70,-0.75,9311.0,-4.9114,6836,64,93,국내 파생,KINDEX,False,True,False
380340,2,KINDEX Fn5G플러스,9265,2,35,0.38,9304.0,7.7012,9660,90,93,국내 업종/테마,KINDEX,False,False,False
189400,4,ARIRANG 글로벌MSCI(합성 H),18130,5,-110,-0.6,,4.0798,300,5,92,해외 주식,ARIRANG,False,False,True
156080,1,KODEX MSCI Korea,18420,5,-165,-0.89,18485.0,-1.9779,15097,280,92,국내 시장지수,KODEX,False,False,False
225060,4,TIGER 이머징마켓MSCI레버리지(합성 H),13115,5,-60,-0.46,,2.0131,79,1,92,해외 주식,TIGER,False,True,True
250730,4,KBSTAR 차이나HSCEI(H),10160,5,-30,-0.29,,0.049,6269,63,91,해외 주식,KBSTAR,False,False,True
272230,2,KINDEX 스마트밸류,15145,2,75,0.5,14994.0,-2.4912,10,0,91,국내 업종/테마,KINDEX,False,False,False
364690,1,KODEX 혁신기술테마액티브,12905,5,-110,-0.85,12969.0,-3.4854,307,3,90,국내 시장지수,KODEX,False,False,False
243890,2,TIGER 200에너지화학레버리지,18770,2,470,2.57,18753.0,-8.4314,2751,51,89,국내 업종/테마,TIGER,False,True,False
322150,2,KINDEX 스마트하이베타,14620,5,-30,-0.2,14567.0,-0.9801,17,0,88,국내 업종/테마,KINDEX,False,False,False
137930,3,마이다스 200커버드콜5%OTM,14590,5,-75,-0.51,14611.0,-2.266,3,0,88,국내 파생,마이다스,False,False,False
333970,2,ARIRANG KS밸류가중TR,15895,2,5,0.03,15887.0,0.8568,50,0,87,국내 업종/테마,ARIRANG,False,False,False
251890,1,KINDEX 코스닥(합성),14505,5,-50,-0.34,14557.0,1.9257,86,1,87,국내 시장지수,KINDEX,False,False,False
140570,2,KBSTAR 수출주,12350,5,-35,-0.28,12389.0,-1.1178,106,1,86,국내 업종/테마,KBSTAR,False,False,False
275290,2,KODEX MSCI밸류,12350,5,-90,-0.72,12386.0,0.974,3,0,86,국내 업종/테마,KODEX,False,False,False
167860,6,KOSEF 국고채10년레버리지,123185,5,-265,-0.21,123405.0,-7.5974,312,38,86,채권,KOSEF,False,True,False
104530,2,KOSEF 고배당,9555,2,65,0.68,9569.0,5.7499,995,9,86,국내 업종/테마,KOSEF,False,False,False
291630,3,KOSEF 코스닥150선물레버리지,7075,2,60,0.86,7088.0,7.345,5554,38,86,국내 파생,KOSEF,False,True,False
354240,7,KBSTAR 미국고정배당우선증권ICE TR,10700,5,-70,-0.65,,-0.1854,482,5,86,기타,KBSTAR,False,False,False
395270,2,HANARO Fn K-반도체,10060,5,-5,-0.05,10075.0,10.4829,39162,396,86,국내 업종/테마,HANARO,False,False,False
183710,7,KBSTAR 주식혼합,42595,5,-130,-0.3,42588.0,-2.2647,3,0,85,기타,KBSTAR,False,False,False
131890,2,KINDEX 삼성그룹동일가중,16955,5,-90,-0.53,16957.0,-2.2369,21,0,85,국내 업종/테마,KINDEX,False,False,False
159800,1,마이티 코스피100,30240,3,0,0.0,30058.0,-2.4831,0,0,85,국내 시장지수,마이티,False,False,False
261140,2,TIGER 우선주,13650,5,-75,-0.55,13643.0,-0.1092,325,4,85,국내 업종/테마,TIGER,False,False,False
277650,2,TIGER 코스피중형주,16890,5,-65,-0.38,16917.0,-0.4697,18,0,84,국내 업종/테마,TIGER,False,False,False
272220,2,KINDEX 스마트모멘텀,16865,5,-45,-0.27,16859.0,-1.6861,165,2,84,국내 업종/테마,KINDEX,False,False,False
394340,4,KOSEF 릭소글로벌디지털경제MSCI,10540,5,-205,-1.91,,4.3203,85,0,84,해외 주식,KOSEF,False,False,False
322130,2,KINDEX 스마트로우볼,16750,2,90,0.54,16577.0,-1.7689,10,0,84,국내 업종/테마,KINDEX,False,False,False
289670,6,ARIRANG 국채선물10년,55080,5,-10,-0.02,55065.0,-3.7898,79,4,84,채권,ARIRANG,False,False,False
407160,2,MASTER 테크미디어텔레콤액티브,10430,5,-40,-0.38,10452.0,,11215,117,83,국내 업종/테마,MASTER,False,False,False
395170,2,KODEX Fn Top10동일가중,9185,5,-75,-0.81,9190.0,-6.4647,15513,142,83,국내 업종/테마,KODEX,False,False,False
292560,7,TIGER 일본엔선물,10180,5,-30,-0.29,10179.0,-3.039,748,7,81,기타,TIGER,False,False,False
261060,2,TIGER 코스닥150IT,17680,2,45,0.26,17777.0,10.2876,3139,55,81,국내 업종/테마,TIGER,False,False,False
266390,2,KODEX 경기소비재,11565,5,-180,-1.53,11609.0,-4.3178,10717,125,81,국내 업종/테마,KODEX,False,False,False
403990,2,KBSTAR KRX기후변화솔루션,10000,5,-60,-0.6,10024.0,,56,0,80,국내 업종/테마,KBSTAR,False,False,False
252000,1,TIGER 200동일가중,12300,5,-130,-1.05,12379.0,-2.2415,3,0,80,국내 시장지수,TIGER,False,False,False
404470,2,HANARO KRX기후변화솔루션,9985,5,-80,-0.79,10016.0,,355,3,80,국내 업종/테마,HANARO,False,False,False
404650,2,SOL KRX기후변화솔루션,9985,5,-35,-0.35,10018.0,,20,0,80,국내 업종/테마,SOL,False,False,False
307510,2,TIGER 의료기기,17735,2,235,1.34,17779.0,-15.459,2385,42,80,국내 업종/테마,TIGER,False,False,False
407170,2,MASTER 스마트커머스액티브,9910,5,-70,-0.7,9911.0,,9725,96,79,국내 업종/테마,MASTER,False,False,False
291130,4,KINDEX 멕시코MSCI(합성),9890,5,-25,-0.25,,-3.1739,295,2,79,해외 주식,KINDEX,False,False,False
275280,2,KODEX MSCI모멘텀,13025,5,-100,-0.76,13091.0,-1.0927,3,0,78,국내 업종/테마,KODEX,False,False,False
319870,2,KBSTAR KRX300미국달러선물혼합,15540,5,-80,-0.51,15519.0,-0.6046,532,8,78,국내 업종/테마,KBSTAR,False,False,False
261260,7,KODEX 미국달러선물인버스2X,8775,2,10,0.11,8780.0,-2.6112,15947,139,77,기타,KODEX,True,False,False
234310,2,KBSTAR V&S셀렉트밸류,15160,5,-70,-0.46,15185.0,-2.2151,32,0,76,국내 업종/테마,KBSTAR,False,False,False
139320,5,TIGER 금은선물(H),9460,5,-115,-1.2,,1.2691,3419,32,76,원자재,TIGER,False,False,True
305050,1,KINDEX 코스피,30135,5,-215,-0.71,30256.0,-2.49,274,8,75,국내 시장지수,KINDEX,False,False,False
371150,4,KBSTAR 차이나항셍테크,8355,5,-20,-0.24,,5.545,4094,34,75,해외 주식,KBSTAR,False,False,False
205720,4,KINDEX 일본TOPIX인버스(합성 H),4130,3,0,0.0,,-6.7721,11749,48,74,해외 주식,KINDEX,True,False,True
166400,3,TIGER 200커버드콜5%OTM,14820,3,0,0.0,14748.0,-2.2428,0,0,74,국내 파생,TIGER,False,False,False
373790,4,KOSEF 미국방어배당성장나스닥,12245,2,40,0.33,,0.4692,438,5,73,해외 주식,KOSEF,False,False,False
213610,2,KODEX 삼성그룹밸류,9105,5,-75,-0.82,9133.0,-2.4961,458,4,73,국내 업종/테마,KODEX,False,False,False
368470,2,KINDEX Fn K-뉴딜디지털플러스,14565,5,-90,-0.61,14615.0,-10.5039,162,2,73,국내 업종/테마,KINDEX,False,False,False
277640,2,TIGER 코스피대형주,14490,5,-55,-0.38,14488.0,-2.7026,4,0,72,국내 업종/테마,TIGER,False,False,False
391670,1,HK 베스트일레븐액티브,9630,5,-60,-0.62,9627.0,-2.5642,2053,19,72,국내 시장지수,HK,False,False,False
252650,1,KODEX 200동일가중,12030,5,-135,-1.11,12118.0,-2.485,457,5,72,국내 시장지수,KODEX,False,False,False
322120,2,KINDEX 스마트퀄리티,17990,5,-110,-0.61,17980.0,-2.1622,510,9,72,국내 업종/테마,KINDEX,False,False,False
298340,6,ARIRANG 국채선물3년,52795,5,-35,-0.07,52830.0,-1.3906,2,0,72,채권,ARIRANG,False,False,False
252730,2,KBSTAR 모멘텀로우볼,15925,5,-70,-0.44,15905.0,-0.5905,20,0,72,국내 업종/테마,KBSTAR,False,False,False
261110,7,TIGER 미국달러선물레버리지,10230,5,-5,-0.05,10232.0,2.0438,415,4,72,기타,TIGER,False,True,False
117690,4,TIGER 차이나항셍25,15900,5,-95,-0.59,,1.5233,1312,20,72,해외 주식,TIGER,False,False,False
244660,2,KODEX 퀄리티Plus,10210,5,-140,-1.35,10267.0,-2.5883,100,1,71,국내 업종/테마,KODEX,False,False,False
379790,4,KBSTAR 유로스탁스50(H),10990,5,-65,-0.59,,3.6082,11405,125,71,해외 주식,KBSTAR,False,False,True
226980,1,KODEX 200 중소형,14100,5,-55,-0.39,14107.0,0.3189,1169,16,71,국내 시장지수,KODEX,False,False,False
261120,7,TIGER 미국달러선물인버스2X,8725,5,-15,-0.17,8736.0,-2.5098,219,1,70,기타,TIGER,True,False,False
333960,2,ARIRANG KS모멘텀가중TR,15480,2,30,0.19,15474.0,-2.308,20,0,70,국내 업종/테마,ARIRANG,False,False,False
195970,4,ARIRANG 선진국MSCI(합성 H),12225,5,-70,-0.57,,0.9856,11787,143,68,해외 주식,ARIRANG,False,False,True
306530,3,HANARO 코스닥150선물레버리지,14230,2,80,0.57,14238.0,7.3596,746,10,68,국내 파생,HANARO,False,True,False
391680,1,HK 하이볼액티브,9095,5,-65,-0.71,9098.0,-2.4495,1792,16,68,국내 시장지수,HK,False,False,False
373530,4,ARIRANG 신흥국MSCI인버스(합성 H),9325,2,10,0.11,,-3.4215,102,0,67,해외 주식,ARIRANG,True,False,True
314700,2,HANARO 농업융복합산업,12195,2,65,0.54,12205.0,-3.8828,669,8,67,국내 업종/테마,HANARO,False,False,False
237440,7,TIGER 경기방어채권혼합,9550,5,-15,-0.16,9551.0,-4.8259,2098,20,67,기타,TIGER,False,False,False
269370,4,TIGER S&P글로벌인프라(합성),11130,2,70,0.63,,2.0106,202,2,67,해외 주식,TIGER,False,False,False
138920,5,KODEX 콩선물(H),11110,5,-45,-0.4,,-3.42,1601,17,67,원자재,KODEX,False,False,True
289480,2,TIGER 200커버드콜ATM,11070,3,0,0.0,11083.0,0.4081,0,0,66,국내 업종/테마,TIGER,False,False,False
304670,4,KODEX 미국채울트라30년선물인버스(H),7340,2,25,0.34,,1.6678,2192,16,66,해외 주식,KODEX,True,False,True
238670,7,ARIRANG 스마트베타Quality채권혼합,10930,5,-25,-0.23,10929.0,-2.5356,1437,15,66,기타,ARIRANG,False,False,False
145670,3,KINDEX 인버스,4955,2,10,0.2,4968.0,1.8537,43369,214,64,국내 파생,KINDEX,True,False,False
192720,2,파워 고배당저변동성,30325,2,90,0.3,30422.0,-0.0595,55,1,64,국내 업종/테마,파워,False,False,False
373490,2,KODEX K-이노베이션액티브,11440,5,-10,-0.09,11460.0,4.1856,324,3,63,국내 업종/테마,KODEX,False,False,False
376250,2,ARIRANG 탄소효율그린뉴딜,9625,2,5,0.05,9629.0,-1.5857,3045,29,63,국내 업종/테마,ARIRANG,False,False,False
275300,2,KODEX MSCI퀄리티,10350,5,-100,-0.96,10398.0,-6.0675,4,0,62,국내 업종/테마,KODEX,False,False,False
301440,2,ARIRANG 코스피중형주,12410,5,-25,-0.2,12405.0,-0.52,15,0,62,국내 업종/테마,ARIRANG,False,False,False
292340,2,마이티 200커버드콜ATM레버리지,10245,3,0,0.0,10235.0,0.3428,0,0,61,국내 업종/테마,마이티,False,True,False
140580,2,KBSTAR 우량업종,12265,3,0,0.0,12202.0,-0.929,0,0,61,국내 업종/테마,KBSTAR,False,False,False
269530,4,ARIRANG S&P글로벌인프라,12195,2,70,0.58,,3.6767,175,2,61,해외 주식,ARIRANG,False,False,False
281990,2,KBSTAR 중소형고배당,12115,5,-75,-0.62,12139.0,3.2613,121,1,61,국내 업종/테마,KBSTAR,False,False,False
261920,4,KINDEX 필리핀MSCI(합성),15125,5,-20,-0.13,,13.7866,39,0,61,해외 주식,KINDEX,False,False,False
333940,2,ARIRANG KS로우볼가중TR,13430,5,-40,-0.3,13418.0,-0.2592,15,0,60,국내 업종/테마,ARIRANG,False,False,False
333950,2,ARIRANG KS로우사이즈가중TR,17040,5,-55,-0.32,17040.0,1.5444,15,0,60,국내 업종/테마,ARIRANG,False,False,False
307520,2,TIGER 지주회사,10800,2,50,0.47,10799.0,-9.321,693,7,59,국내 업종/테마,TIGER,False,False,False
176710,6,파워 중기국고채,98625,3,0,0.0,98618.0,-1.3691,0,0,59,채권,파워,False,False,False
215620,2,HK S&P코리아로우볼,12145,3,0,0.0,12187.0,1.0399,0,0,58,국내 업종/테마,HK,False,False,False
174350,2,TIGER 로우볼,12135,2,25,0.21,12131.0,1.5428,177992,2158,58,국내 업종/테마,TIGER,False,False,False
228820,1,TIGER KTOP30,10590,5,-65,-0.61,10608.0,-5.2468,279,2,58,국내 시장지수,TIGER,False,False,False
267440,4,KBSTAR 미국장기국채선물(H),11580,5,-25,-0.22,,-2.2326,20,0,58,해외 주식,KBSTAR,False,False,True
290080,2,KBSTAR 200고배당커버드콜ATM,8270,2,60,0.73,8258.0,2.0509,201,1,58,국내 업종/테마,KBSTAR,False,False,False
139310,5,TIGER 금속선물(H),7130,5,-60,-0.83,,6.4396,2512,17,57,원자재,TIGER,False,False,True
220130,4,SOL 중국본토 중소형 CSI500(합성 H),6240,5,-30,-0.48,,6.2711,215,1,56,해외 주식,SOL,False,False,True
301410,3,ARIRANG 코스닥150선물인버스,6580,5,-10,-0.15,6573.0,-5.5874,2036,13,56,국내 파생,ARIRANG,True,False,False
105010,4,TIGER 라틴35,3235,2,40,1.25,,-10.0,39016,125,55,해외 주식,TIGER,False,False,False
346000,6,HANARO KAP초장기국고채,44465,5,-140,-0.31,44581.0,-6.1304,6,0,54,채권,HANARO,False,False,False
321410,7,KODEX 멀티에셋하이인컴(H),10845,5,-50,-0.46,,-0.5023,65,0,54,기타,KODEX,False,False,True
098560,2,TIGER 방송통신,9750,2,40,0.41,9763.0,-2.5101,885,8,53,국내 업종/테마,TIGER,False,False,False
292770,6,KODEX 국채선물3년인버스,50530,3,0,0.0,50521.0,1.7007,0,0,52,채권,KODEX,True,False,False
299080,6,KINDEX 국채선물3년인버스,101120,3,0,0.0,101106.0,1.7508,0,0,51,채권,KINDEX,True,False,False
295820,1,ARIRANG 200동일가중,11125,5,-50,-0.45,11130.0,-2.4018,8,0,50,국내 시장지수,ARIRANG,False,False,False
291680,4,KBSTAR 차이나H선물인버스(H),11070,2,40,0.36,,-1.2534,24,0,50,해외 주식,KBSTAR,True,False,True
371870,4,KINDEX 차이나항셍테크,8235,3,0,0.0,,5.1052,1952,16,49,해외 주식,KINDEX,False,False,False
261270,7,KODEX 미국달러선물인버스,9630,3,0,0.0,9640.0,-1.1801,5246,50,49,기타,KODEX,True,False,False
299070,6,KINDEX 국채선물10년인버스,98130,5,-125,-0.13,97920.0,4.6156,2,0,49,채권,KINDEX,True,False,False
253280,2,KBSTAR 헬스케어,13785,5,-35,-0.25,13857.0,-20.6887,8239,114,48,국내 업종/테마,KBSTAR,False,False,False
275750,1,KBSTAR 코스닥150선물인버스,4370,5,-20,-0.46,4380.0,-5.6929,9673,42,48,국내 시장지수,KBSTAR,True,False,False
295000,6,KBSTAR 국채선물10년,54130,5,-40,-0.07,54153.0,-3.8602,292,15,47,채권,KBSTAR,False,False,False
227550,2,TIGER 200 산업재,5960,5,-30,-0.5,5969.0,-13.5643,86,0,46,국내 업종/테마,TIGER,False,False,False
333980,2,ARIRANG KS퀄리티가중TR,15480,5,-40,-0.26,15475.0,-1.9893,21,0,46,국내 업종/테마,ARIRANG,False,False,False
157500,2,TIGER 증권,4705,5,-10,-0.21,4710.0,0.8556,8588,40,46,국내 업종/테마,TIGER,False,False,False
253240,3,KOSEF 200선물인버스,5250,2,30,0.57,5249.0,1.3592,165,0,45,국내 파생,KOSEF,True,False,False
280920,2,ARIRANG 주도업종,11020,5,-65,-0.59,11010.0,-5.3778,55,0,44,국내 업종/테마,ARIRANG,False,False,False
147970,2,TIGER 모멘텀,24255,5,-200,-0.82,24540.0,1.5573,3,0,44,국내 업종/테마,TIGER,False,False,False
334690,5,KBSTAR 팔라듐선물(H),10885,5,-500,-4.39,,-14.0106,40455,437,44,원자재,KBSTAR,False,False,True
280940,4,KODEX 골드선물인버스(H),7210,2,50,0.7,,-1.7833,2376,17,43,해외 주식,KODEX,True,False,True
217770,4,TIGER 원유선물인버스(H),5070,5,-195,-3.7,,-19.557,32717,166,43,해외 주식,TIGER,True,False,True
285010,2,KBSTAR 200중공업,10105,5,-115,-1.13,10124.0,-1.6362,28301,285,42,국내 업종/테마,KBSTAR,False,False,False
287300,2,KBSTAR 200건설,12400,2,35,0.28,12441.0,2.0214,1500,18,42,국내 업종/테마,KBSTAR,False,False,False
295020,6,KBSTAR 국채선물10년인버스,48875,2,40,0.08,48822.0,4.0925,6,0,42,채권,KBSTAR,True,False,False
309210,2,ARIRANG KRX300헬스케어,11055,3,0,0.0,11134.0,-20.0362,10391,115,42,국내 업종/테마,ARIRANG,False,False,False
342600,6,KBSTAR KRX국채선물3년10년스티프너2X,51590,2,5,0.01,51606.0,-0.3381,15,0,41,채권,KBSTAR,False,False,False
342500,6,KBSTAR KRX국채선물3년10년스티프너,51095,5,-25,-0.05,51120.0,-0.0978,245,12,41,채권,KBSTAR,False,False,False
266550,2,ARIRANG 중형주저변동50,11595,2,25,0.22,11585.0,1.3578,15,0,41,국내 업종/테마,ARIRANG,False,False,False
291890,4,KODEX MSCI EM선물(H),10080,5,-5,-0.05,,1.5609,351,3,40,해외 주식,KODEX,False,False,True
291620,3,KOSEF 코스닥150선물인버스,7550,5,-20,-0.26,7545.0,-5.3159,6185,47,40,국내 파생,KOSEF,True,False,False
342610,6,KBSTAR KRX국채선물3년10년플래트너,49980,5,-60,-0.12,50002.0,0.4012,16,0,40,채권,KBSTAR,False,False,False
267450,4,KBSTAR 미국장기국채선물인버스(H),7950,2,25,0.32,,1.6025,696,5,40,해외 주식,KBSTAR,True,False,True
302180,6,TIGER 국채선물10년인버스,49595,2,80,0.16,49587.0,4.0012,4,0,40,채권,TIGER,True,False,False
342620,6,KBSTAR KRX국채선물3년10년플래트너2X,49370,2,25,0.05,49359.0,0.5809,11,0,39,채권,KBSTAR,False,False,False
227560,2,TIGER 200 생활소비재,10170,5,-50,-0.49,10170.0,-7.8865,1402,14,39,국내 업종/테마,TIGER,False,False,False
267490,4,KBSTAR 미국장기국채선물레버리지(합성 H),12590,5,-110,-0.87,,-10.5949,1,0,38,해외 주식,KBSTAR,False,True,True
278420,2,ARIRANG ESG우수기업,9215,2,15,0.16,9212.0,-2.2836,178,1,37,국내 업종/테마,ARIRANG,False,False,False
315480,2,KBSTAR 200커뮤니케이션서비스,20305,5,-55,-0.27,20278.0,-4.1883,13361,270,37,국내 업종/테마,KBSTAR,False,False,False
217790,2,TIGER 가격조정,23885,5,-190,-0.79,23989.0,-1.8749,2,0,33,국내 업종/테마,TIGER,False,False,False
267500,4,KBSTAR 미국장기국채선물인버스2X(합성 H),6070,2,40,0.66,,3.5193,9312,56,33,해외 주식,KBSTAR,True,False,True
284980,2,KBSTAR 200금융,8980,2,5,0.06,9005.0,3.339,1306,11,31,국내 업종/테마,KBSTAR,False,False,False
302170,6,TIGER 국채선물3년인버스,50585,3,0,0.0,50594.0,1.6886,0,0,30,채권,TIGER,True,False,False
301400,1,ARIRANG 코스닥150,14905,2,70,0.47,15062.0,2.771,337,5,30,국내 시장지수,ARIRANG,False,False,False
252720,2,KBSTAR 모멘텀밸류,14220,2,80,0.57,14110.0,-0.106,1,0,28,국내 업종/테마,KBSTAR,False,False,False
284990,2,KBSTAR 200에너지화학,12775,2,105,0.83,12782.0,-3.3563,140,1,26,국내 업종/테마,KBSTAR,False,False,False
397420,6,KBSTAR 국채선물5년추종,48875,5,-10,-0.02,48875.0,,4,0,23,채권,KBSTAR,False,False,False
285020,2,KBSTAR 200철강소재,8350,5,-115,-1.36,8359.0,-5.6825,8206,68,23,국내 업종/테마,KBSTAR,False,False,False
334700,5,KBSTAR 팔라듐선물인버스(H),5775,2,240,4.34,,10.479,3453,19,23,원자재,KBSTAR,True,False,True
287330,2,KBSTAR 200생활소비재,7755,5,-40,-0.51,7756.0,-7.7515,201,1,20,국내 업종/테마,KBSTAR,False,False,False
287310,2,KBSTAR 200경기소비재,10685,5,-120,-1.11,10684.0,-1.8174,12,0,15,국내 업종/테마,KBSTAR,False,False,False
287320,2,KBSTAR 200산업재,10670,5,-95,-0.88,10692.0,-12.975,44,0,13,국내 업종/테마,KBSTAR,False,False,False
